{
	"format_version": "1.8.0",
	"animations": {
		"drill_mode_on": {
			"loop": "hold_on_last_frame",
			"animation_length": 0.4583,
			"bones": {
				"drill": {
					"position": {
						"0.0": {
							"vector": [0, 0, 0]
						},
						"0.375": {
							"pre": {
								"vector": [0, -4.49724, -5.58095]
							},
							"post": {
								"vector": [0, -4.49724, -5.58095]
							},
							"lerp_mode": "catmullrom"
						}
					}
				},
				"drill2": {
					"position": {
						"0.0": {
							"vector": [0, 0, 0]
						},
						"0.375": {
							"pre": {
								"vector": [0.02179, -4.75791, -6.06886]
							},
							"post": {
								"vector": [0.02179, -4.75791, -6.06886]
							},
							"lerp_mode": "catmullrom"
						}
					}
				},
				"hand2": {
					"position": {
						"0.0": {
							"vector": [0, 0, 0]
						},
						"0.375": {
							"pre": {
								"vector": [0, 1.25, 1.75]
							},
							"post": {
								"vector": [0, 1.25, 1.75]
							},
							"lerp_mode": "catmullrom"
						}
					}
				},
				"hand": {
					"position": {
						"0.0": {
							"vector": [0, 0, 0]
						},
						"0.375": {
							"pre": {
								"vector": [0, 1, 2]
							},
							"post": {
								"vector": [0, 1, 2]
							},
							"lerp_mode": "catmullrom"
						}
					}
				}
			}
		},
		"drill_mode_off": {
			"loop": "hold_on_last_frame",
			"animation_length": 0.4583,
			"bones": {
				"drill": {
					"position": {
						"0.0": {
							"post": {
								"vector": [0, -4.49724, -5.58095]
							},
							"lerp_mode": "catmullrom"
						},
						"0.0417": [0, -4.29591, -5.3311],
						"0.0833": [0, -3.83867, -4.76368],
						"0.125": [0, -3.24736, -4.02988],
						"0.1667": [0, -2.58847, -3.21223],
						"0.2083": [0, -1.90877, -2.36873],
						"0.25": [0, -1.24988, -1.55107],
						"0.2917": [0, -0.65857, -0.81727],
						"0.3333": [0, -0.20134, -0.24985],
						"0.375": {
							"vector": [0, 0, 0]
						}
					}
				},
				"drill2": {
					"position": {
						"0.0": {
							"post": {
								"vector": [0.02179, -4.75791, -6.06886]
							},
							"lerp_mode": "catmullrom"
						},
						"0.0417": [0.02081, -4.5449, -5.79717],
						"0.0833": [0.0186, -4.06116, -5.18014],
						"0.125": [0.01573, -3.43558, -4.38219],
						"0.1667": [0.01254, -2.73851, -3.49305],
						"0.2083": [0.00925, -2.0194, -2.57581],
						"0.25": [0.00606, -1.32233, -1.68667],
						"0.2917": [0.00319, -0.69674, -0.88872],
						"0.3333": [0.00098, -0.21301, -0.27169],
						"0.375": {
							"vector": [0, 0, 0]
						}
					}
				},
				"hand2": {
					"position": {
						"0.0": {
							"post": {
								"vector": [0, 1.25, 1.75]
							},
							"lerp_mode": "catmullrom"
						},
						"0.0417": [0, 1.19404, 1.67165],
						"0.0833": [0, 1.06695, 1.49373],
						"0.125": [0, 0.9026, 1.26364],
						"0.25": [0, 0.3474, 0.48636],
						"0.2917": [0, 0.18305, 0.25627],
						"0.3333": [0, 0.05596, 0.07835],
						"0.375": {
							"vector": [0, 0, 0]
						}
					}
				},
				"hand": {
					"position": {
						"0.0": {
							"post": {
								"vector": [0, 1, 2]
							},
							"lerp_mode": "catmullrom"
						},
						"0.0417": [0, 0.95523, 1.91046],
						"0.0833": [0, 0.85356, 1.70712],
						"0.125": [0, 0.72208, 1.44416],
						"0.25": [0, 0.27792, 0.55584],
						"0.2917": [0, 0.14644, 0.29288],
						"0.3333": [0, 0.04477, 0.08954],
						"0.375": {
							"vector": [0, 0, 0]
						}
					}
				}
			}
		},
		"tectonic.shock": {
			"animation_length": 1.5,
			"bones": {
				"armorLeftArm": {
					"rotation": {
						"0.0": {
							"vector": [0, 0, 0]
						},
						"0.2083": {
							"pre": {
								"vector": [0, 0, -62.5]
							},
							"post": {
								"vector": [0, 0, -62.5]
							},
							"lerp_mode": "catmullrom"
						},
						"0.5833": {
							"post": {
								"vector": [24.08961, -13.50177, -61.73947]
							},
							"lerp_mode": "catmullrom"
						},
						"0.75": {
							"post": {
								"vector": [-55.83361, 21.97564, -77.81592]
							},
							"lerp_mode": "catmullrom"
						},
						"0.9583": {
							"post": {
								"vector": [-55.83361, 21.97564, -77.81592]
							},
							"lerp_mode": "catmullrom"
						},
						"1.4583": {
							"post": {
								"vector": [0, 0, 0]
							},
							"lerp_mode": "catmullrom"
						}
					},
					"position": {
						"0.0": {
							"vector": [0, 0, 0]
						},
						"1.4583": {
							"pre": {
								"vector": [0, 0, 0]
							},
							"post": {
								"vector": [0, 0, 0]
							},
							"lerp_mode": "catmullrom"
						}
					}
				},
				"armorRightArm": {
					"rotation": {
						"0.0": {
							"vector": [0, 0, 0]
						},
						"0.2083": {
							"pre": {
								"vector": [0, 0, 72.5]
							},
							"post": {
								"vector": [0, 0, 72.5]
							},
							"lerp_mode": "catmullrom"
						},
						"0.5833": {
							"post": {
								"vector": [31.28223, 9.29798, 75.10851]
							},
							"lerp_mode": "catmullrom"
						},
						"0.75": {
							"post": {
								"vector": [-64.97044, -28.15449, 82.68581]
							},
							"lerp_mode": "catmullrom"
						},
						"0.9583": {
							"post": {
								"vector": [-64.97044, -28.15449, 82.68581]
							},
							"lerp_mode": "catmullrom"
						},
						"1.4583": {
							"post": {
								"vector": [0, 0, 0]
							},
							"lerp_mode": "catmullrom"
						}
					},
					"position": {
						"0.0": {
							"vector": [0, 0, 0]
						},
						"1.4583": {
							"pre": {
								"vector": [0, 0, 0]
							},
							"post": {
								"vector": [0, 0, 0]
							},
							"lerp_mode": "catmullrom"
						}
					}
				}
			}
		}
	},
	"geckolib_format_version": 2
}